172.31.4.101,Linux Lab - 2 : CCPC101
172.31.4.102,Linux Lab - 2 : CCPC102
172.31.4.103,Linux Lab - 2 : CCPC103
172.31.4.104,Linux Lab - 2 : CCPC104
172.31.4.105,Linux Lab - 2 : CCPC105
172.31.4.106,Linux Lab - 2 : CCPC106
172.31.4.107,Linux Lab - 2 : CCPC107
172.31.4.108,Linux Lab - 2 : CCPC108
172.31.4.109,Linux Lab - 2 : CCPC109
172.31.4.110,Linux Lab - 2 : CCPC110
172.31.4.111,Linux Lab - 2 : CCPC111
172.31.4.112,Linux Lab - 2 : CCPC112
172.31.4.113,Linux Lab - 2 : CCPC113
172.31.4.114,Linux Lab - 2 : CCPC114
172.31.4.115,Linux Lab - 2 : CCPC115
172.31.4.116,Linux Lab - 2 : CCPC116
172.31.4.117,Linux Lab - 2 : CCPC117
172.31.4.118,Linux Lab - 2 : CCPC118
172.31.4.119,Linux Lab - 2 : CCPC119
172.31.4.120,Linux Lab - 2 : CCPC120
172.31.4.121,Linux Lab - 2 : CCPC121
172.31.4.122,Linux Lab - 2 : CCPC122
172.31.4.123,Linux Lab - 2 : CCPC123
172.31.4.124,Linux Lab - 2 : CCPC124
172.31.4.125,Linux Lab - 2 : CCPC125
172.31.4.126,Linux Lab - 2 : CCPC126
172.31.4.127,Linux Lab - 2 : CCPC127
172.31.4.128,Linux Lab - 2 : CCPC128
172.31.4.129,Linux Lab - 2 : CCPC129
172.31.4.130,Linux Lab - 2 : CCPC130
172.31.4.131,Linux Lab - 2 : CCPC131
172.31.4.132,Linux Lab - 2 : CCPC132
172.31.4.133,Linux Lab - 2 : CCPC133
172.31.4.134,Linux Lab - 2 : CCPC134
172.31.4.135,Linux Lab - 2 : CCPC135
172.31.4.136,Linux Lab - 2 : CCPC136
172.31.4.137,Linux Lab - 2 : CCPC137
172.31.4.138,Linux Lab - 2 : CCPC138
172.31.4.139,Linux Lab - 2 : CCPC139
172.31.4.140,Linux Lab - 2 : CCPC140
172.31.4.141,Linux Lab - 3 : CCPC141
172.31.4.142,Linux Lab - 3 : CCPC142
172.31.4.143,Linux Lab - 3 : CCPC143
172.31.4.144,Linux Lab - 3 : CCPC144
172.31.4.145,Linux Lab - 3 : CCPC145
172.31.4.146,Linux Lab - 3 : CCPC146
172.31.4.147,Linux Lab - 3 : CCPC147
172.31.4.148,Linux Lab - 3 : CCPC148
172.31.4.149,Linux Lab - 3 : CCPC149
172.31.4.150,Linux Lab - 3 : CCPC150
172.31.4.151,Linux Lab - 3 : CCPC151
172.31.4.152,Linux Lab - 3 : CCPC152
172.31.4.153,Linux Lab - 3 : CCPC153
172.31.4.154,Linux Lab - 3 : CCPC154
172.31.4.155,Linux Lab - 3 : CCPC155
172.31.4.156,Linux Lab - 3 : CCPC156
172.31.4.157,Linux Lab - 3 : CCPC157
172.31.4.158,Linux Lab - 3 : CCPC158
172.31.4.159,Linux Lab - 3 : CCPC159
172.31.4.160,Linux Lab - 3 : CCPC160
172.31.4.161,Linux Lab - 3 : CCPC161
172.31.4.162,Linux Lab - 3 : CCPC162
172.31.4.163,Linux Lab - 3 : CCPC163
172.31.4.164,Linux Lab - 3 : CCPC164
172.31.4.165,Linux Lab - 3 : CCPC165
172.31.4.166,Linux Lab - 3 : CCPC166
172.31.4.167,Linux Lab - 3 : CCPC167
172.31.4.168,Linux Lab - 3 : CCPC168
172.31.4.169,Linux Lab - 3 : CCPC169
172.31.4.170,Linux Lab - 3 : CCPC170
172.31.4.171,Linux Lab - 3 : CCPC171
172.31.4.172,Linux Lab - 3 : CCPC172
172.31.4.173,Linux Lab - 3 : CCPC173
172.31.4.174,Linux Lab - 3 : CCPC174
172.31.4.175,Linux Lab - 3 : CCPC175
172.31.4.176,Linux Lab - 3 : CCPC176
172.31.4.177,Linux Lab - 3 : CCPC177
172.31.4.178,Linux Lab - 3 : CCPC178
172.31.4.179,Linux Lab - 3 : CCPC179
172.31.4.180,Linux Lab - 3 : CCPC180
172.31.4.181,Linux Lab - 3 : CCPC181
172.31.4.182,Linux Lab - 3 : CCPC182
172.31.4.183,Linux Lab - 3 : CCPC183
172.31.4.184,Linux Lab - 3 : CCPC184
172.31.4.185,Linux Lab - 3 : CCPC185
172.31.4.186,Linux Lab - 3 : CCPC186
172.31.4.187,Linux Lab - 3 : CCPC187
172.31.4.188,Linux Lab - 3 : CCPC188
172.31.4.189,Linux Lab - 3 : CCPC189
172.31.4.190,Linux Lab - 3 : CCPC190
172.31.4.191,Linux Lab - 3 : CCPC191
172.31.4.192,Linux Lab - 3 : CCPC192
172.31.4.193,Linux Lab - 3 : CCPC193
172.31.4.194,Linux Lab - 3 : CCPC194
172.31.4.195,Linux Lab - 3 : CCPC195
172.31.4.196,Linux Lab - 3 : CCPC196
172.31.4.197,Linux Lab - 3 : CCPC197
172.31.4.198,Linux Lab - 3 : CCPC198
172.31.4.199,Linux Lab - 3 : CCPC199
172.31.4.200,Linux Lab - 3 : CCPC200
172.31.4.201,Linux Lab - 3 : CCPC201
172.31.4.202,Linux Lab - 3 : CCPC202
172.31.4.203,Linux Lab - 3 : CCPC203
172.31.4.204,Linux Lab - 3 : CCPC204
172.31.4.205,Linux Lab - 3 : CCPC205
172.31.4.206,Linux Lab - 3 : CCPC206
172.31.4.207,Linux Lab - 3 : CCPC207
172.31.4.208,Linux Lab - 3 : CCPC208
172.31.4.209,Linux Lab - 3 : CCPC209
172.31.4.210,Linux Lab - 3 : CCPC210