172.31.3.101,NCL Linux Lab : PC101
172.31.3.102,NCL Linux Lab : PC102
172.31.3.103,NCL Linux Lab : PC103
172.31.3.104,NCL Linux Lab : PC104
172.31.3.105,NCL Linux Lab : PC105
172.31.3.106,NCL Linux Lab : PC106
172.31.3.107,NCL Linux Lab : PC107
172.31.3.108,NCL Linux Lab : PC108
172.31.3.109,NCL Linux Lab : PC109
172.31.3.110,NCL Linux Lab : PC110
172.31.3.111,NCL Linux Lab : PC111
172.31.3.112,NCL Linux Lab : PC112
172.31.3.113,NCL Linux Lab : PC113
172.31.3.114,NCL Linux Lab : PC114
172.31.3.115,NCL Linux Lab : PC115
172.31.3.116,NCL Linux Lab : PC116
172.31.3.117,NCL Linux Lab : PC117
172.31.3.118,NCL Linux Lab : PC118
172.31.3.119,NCL Linux Lab : PC119
172.31.3.120,NCL Linux Lab : PC120
172.31.3.121,NCL Linux Lab : PC121
172.31.3.122,NCL Linux Lab : PC122
172.31.3.123,NCL Linux Lab : PC123
172.31.3.124,NCL Linux Lab : PC124
172.31.3.125,NCL Linux Lab : PC125
172.31.3.126,NCL Linux Lab : PC126
172.31.3.127,NCL Linux Lab : PC127
172.31.3.128,NCL Linux Lab : PC128
172.31.3.129,NCL Linux Lab : PC129
172.31.3.130,NCL Linux Lab : PC130
172.31.3.131,NCL Linux Lab : PC131
172.31.3.132,NCL Linux Lab : PC132
172.31.3.133,NCL Linux Lab : PC133
172.31.3.134,NCL Linux Lab : PC134
172.31.3.135,NCL Linux Lab : PC135
172.31.3.136,NCL Linux Lab : PC136
172.31.3.137,NCL Linux Lab : PC137
172.31.3.138,NCL Linux Lab : PC138
172.31.3.139,NCL Linux Lab : PC139
172.31.3.140,NCL Linux Lab : PC140
172.31.3.141,NCL Linux Lab : PC141
172.31.3.142,NCL Linux Lab : PC142
172.31.3.143,NCL Linux Lab : PC143
172.31.3.144,NCL Linux Lab : PC144
172.31.3.145,NCL Linux Lab : PC145
172.31.3.146,NCL Linux Lab : PC146
172.31.3.147,NCL Linux Lab : PC147
172.31.3.148,NCL Linux Lab : PC148
172.31.3.149,NCL Linux Lab : PC149
172.31.3.150,NCL Linux Lab : PC150
172.31.3.151,NCL Linux Lab : PC151
172.31.3.152,NCL Linux Lab : PC152
172.31.3.153,NCL Linux Lab : PC153
172.31.3.154,NCL Linux Lab : PC154
172.31.3.155,NCL Linux Lab : PC155
172.31.3.156,NCL Linux Lab : PC156
172.31.3.157,NCL Linux Lab : PC157
172.31.3.158,NCL Linux Lab : PC158
172.31.3.159,NCL Linux Lab : PC159
172.31.3.160,NCL Linux Lab : PC160
172.31.3.161,NCL Linux Lab : PC161
172.31.3.162,NCL Linux Lab : PC162
172.31.3.163,NCL Linux Lab : PC163
172.31.3.164,NCL Linux Lab : PC164
172.31.3.165,NCL Linux Lab : PC165
172.31.3.166,NCL Linux Lab : PC166
172.31.3.167,NCL Linux Lab : PC167
172.31.3.168,NCL Linux Lab : PC168
172.31.3.169,NCL Linux Lab : PC169
172.31.3.170,NCL Linux Lab : PC170
172.31.3.171,NCL Linux Lab : PC171
172.31.3.172,NCL Linux Lab : PC172
172.31.3.173,NCL Linux Lab : PC173
172.31.3.174,NCL Linux Lab : PC174
172.31.3.175,NCL Linux Lab : PC175
172.31.3.176,NCL Linux Lab : PC176
172.31.3.177,NCL Linux Lab : PC177
172.31.3.178,NCL Linux Lab : PC178
172.31.3.179,NCL Linux Lab : PC179
172.31.3.180,NCL Linux Lab : PC180
172.31.3.181,NCL Linux Lab : PC181
172.31.3.182,NCL Linux Lab : PC182
172.31.3.183,NCL Linux Lab : PC183
172.31.3.184,NCL Linux Lab : PC184
172.31.3.185,NCL Linux Lab : PC185
172.31.3.186,NCL Linux Lab : PC186
172.31.3.187,NCL Linux Lab : PC187
172.31.3.188,NCL Linux Lab : PC188
172.31.3.189,NCL Linux Lab : PC189
172.31.3.190,NCL Linux Lab : PC190
172.31.3.191,NCL Linux Lab : PC191
172.31.3.192,NCL Linux Lab : PC192
172.31.3.193,NCL Linux Lab : PC193
172.31.3.194,NCL Linux Lab : PC194
172.31.3.195,NCL Linux Lab : PC195
172.31.3.196,NCL Linux Lab : PC196
172.31.3.197,NCL Linux Lab : PC197
172.31.3.198,NCL Linux Lab : PC198
172.31.3.199,NCL Linux Lab : PC199
172.31.3.200,NCL Linux Lab : PC200
172.31.3.201,NCL Linux Lab : PC201
172.31.3.202,NCL Linux Lab : PC202
172.31.3.203,NCL Linux Lab : PC203
172.31.3.204,NCL Linux Lab : PC204
172.31.3.205,NCL Linux Lab : PC205
172.31.3.206,NCL Linux Lab : PC206
172.31.3.207,NCL Linux Lab : PC207
172.31.3.208,NCL Linux Lab : PC208
172.31.3.209,NCL Linux Lab : PC209
172.31.3.210,NCL Linux Lab : PC210
172.31.3.211,NCL Linux Lab : PC211
172.31.3.212,NCL Linux Lab : PC212
172.31.3.213,NCL Linux Lab : PC213
172.31.3.214,NCL Linux Lab : PC214
172.31.3.215,NCL Linux Lab : PC215
172.31.3.216,NCL Linux Lab : PC216
172.31.3.217,NCL Linux Lab : PC217
172.31.3.218,NCL Linux Lab : PC218
172.31.3.219,NCL Linux Lab : PC219
172.31.3.220,NCL Linux Lab : PC220